state	expected_discomfort
exposed-1	-1.8846660668998862
exposed-2	-2.618368767685444
exposed-3	-3.6373566344017387
recovered	0.0
symptoms-1	-5.052574427313507
symptoms-2	-4.610811313190442
symptoms-3	-1.6891729265124424
