state	expected_discomfort
exposed-1	2.0940734076665395
exposed-2	2.909298630761604
exposed-3	4.041507371557486
recovered	0.0
symptoms-1	4.919527141459451
symptoms-2	3.734234792433823
symptoms-3	1.1824143627916024
