state	expected_sick_days
exposed-1	7.5577092817675755
exposed-2	8.197884547677674
exposed-3	8.998049138956214
symptoms-1	-0.0
symptoms-2	9.998203317059536
symptoms-3	6.666452002741048
recovered	3.3333207060435903
