state	expected_reward
exposed-1	-0.7491647930150533
exposed-2	-1.4986889192678163
exposed-3	-2.9979439870336213
recovered	0.0
symptoms-1	-5.996778913019339
symptoms-2	-4.499579858219914
symptoms-3	-1.499973182439569
