state	action	expected_reward
exposed-1	sleep-8	-3.410977809744379
exposed-2	sleep-8	-4.264491212473884
exposed-3	sleep-8	-5.331327031522923
recovered	do-nothing	0.0
symptoms-1	drink-oj	-6.664818853984066
symptoms-2	drink-oj	-4.99977911446515
symptoms-3	drink-oj	-1.6666537816771334
